mid,count,after,before,avg,deadass,def,defo,periodt,periot,stan,thot
405.0,1685,410,400,,,,,,,,
395.0,1672,400,390,,,,,,,,
385.0,1697,390,380,1645.0,0.0,1.6,0.0,0.0,0.0,0.8,0.4
375.0,1580,380,370,1611.4,0.0,2.0,0.2,0.0,0.0,0.6,0.2
365.0,1591,370,360,1594.6,0.0,2.0,0.2,0.0,0.0,0.6,0.2
355.0,1517,360,350,1583.8,0.0,1.0,0.4,0.0,0.0,0.8,0.4
345.0,1588,350,340,1592.2,0.0,1.0,0.4,0.0,0.0,0.8,0.4
335.0,1643,340,330,1593.0,0.0,1.2,0.4,0.0,0.0,0.6,0.6
325.0,1622,330,320,1661.6,0.0,1.2,0.2,0.0,0.0,0.6,0.8
315.0,1595,320,310,1718.4,0.0,1.4,0.4,0.0,0.0,0.8,1.2
305.0,1860,310,300,1731.4,0.0,1.6,0.2,0.0,0.0,0.6,1.2
295.0,1872,300,290,1777.0,0.0,2.0,0.2,0.0,0.0,0.8,1.4
285.0,1708,290,280,1821.4,0.0,2.0,0.2,0.0,0.0,1.0,1.4
275.0,1850,280,270,1804.0,0.0,2.0,0.2,0.0,0.0,1.2,1.4
265.0,1817,270,260,1867.4,0.0,2.6,0.0,0.0,0.0,0.6,1.4
255.0,1773,260,250,1891.2,0.0,2.6,0.2,0.0,0.0,0.6,1.2
245.0,2189,250,240,1884.0,0.0,2.6,0.2,0.0,0.0,0.6,0.8
235.0,1827,240,230,1887.2,0.0,2.2,0.2,0.0,0.0,0.8,0.6
225.0,1814,230,220,1895.8,0.0,2.0,0.2,0.0,0.0,0.6,0.4
215.0,1833,220,210,1825.6,0.2,1.4,0.2,0.0,0.0,0.6,0.0
205.0,1816,210,200,1847.2,0.2,1.6,0.0,0.0,0.0,0.6,0.0
195.0,1838,200,190,1843.6,0.2,1.2,0.0,0.0,0.0,0.4,0.6
185.0,1935,190,180,1865.6,0.2,1.6,0.0,0.0,0.0,0.0,0.6
175.0,1796,180,170,1862.8,0.2,1.4,0.0,0.0,0.0,0.0,0.6
165.0,1943,170,160,1859.8,0.0,1.2,0.0,0.0,0.0,0.0,0.6
155.0,1802,160,150,1851.2,0.2,1.4,0.0,0.0,0.0,0.0,1.0
145.0,1823,150,140,1857.8,0.4,1.6,0.0,0.0,0.0,0.0,0.4
135.0,1892,140,130,1842.0,0.6,1.6,0.0,0.0,0.0,0.0,0.6
125.0,1829,130,120,1850.6,0.8,1.6,0.0,0.0,0.0,0.2,0.6
115.0,1864,120,110,1875.8,1.0,1.8,0.0,0.0,0.0,0.2,0.8
105.0,1845,110,100,1903.4,0.8,2.2,0.0,0.0,0.0,0.2,0.4
95.0,1949,100,90,1911.6,0.8,2.0,0.0,0.0,0.0,0.2,0.6
85.0,2030,90,80,1941.8,0.6,2.6,0.2,0.0,0.0,0.6,0.6
75.0,1870,80,70,1974.2,0.4,2.6,0.2,0.0,0.0,0.8,0.6
65.0,2015,70,60,1991.0,0.2,3.0,0.2,0.0,0.0,0.8,0.6
55.0,2007,60,50,1999.2,0.2,2.4,0.2,0.0,0.0,0.8,0.6
45.0,2033,50,40,2034.6,0.0,2.6,0.4,0.0,0.0,0.8,0.4
35.0,2071,40,30,2023.4,0.0,1.8,0.2,0.0,0.0,0.6,0.6
25.0,2047,30,20,2025.6,0.0,1.8,0.2,0.0,0.0,0.4,0.6
15.0,1959,20,10,,,,,,,,
5.0,2018,10,0,,,,,,,,
