,mid,count,after,before,avg,deadass,def,defo,periodt,periot,stan,thot
0,405.0,80621,410,400,,,,,,,,
1,395.0,79572,400,390,,,,,,,,
2,385.0,80549,390,380,80087.8,0.4,1.8,0.0,0.0,0.0,2.4,2.0
3,375.0,78542,380,370,79163.2,0.4,1.6,0.0,0.0,0.0,2.2,2.0
4,365.0,81155,370,360,79486.0,0.4,2.0,0.0,0.0,0.0,2.0,2.4
5,355.0,75998,360,350,79595.8,0.2,1.6,0.0,0.0,0.0,2.4,2.2
6,345.0,81186,350,340,81263.4,0.2,1.6,0.0,0.0,0.0,2.4,3.4
7,335.0,81098,340,330,82810.8,0.2,1.4,0.0,0.0,0.0,2.8,3.8
8,325.0,86880,330,320,84457.0,0.2,1.8,0.0,0.0,0.0,2.8,3.6
9,315.0,88892,320,310,85511.0,0.2,1.2,0.0,0.0,0.0,90.0,3.4
10,305.0,84229,310,300,87997.0,0.2,1.2,0.2,0.0,0.0,97.2,4.6
11,295.0,86456,300,290,91355.6,0.2,1.4,0.2,0.0,0.0,101.2,5.4
12,285.0,93528,290,280,92407.6,0.0,1.2,0.2,0.0,0.0,103.0,6.0
13,275.0,103673,280,270,94292.0,0.0,1.2,0.2,0.0,0.0,103.0,6.8
14,265.0,94152,270,260,98672.6,0.0,1.6,0.2,0.2,0.0,17.0,7.4
15,255.0,93651,260,250,102558.2,0.2,1.8,0.0,0.2,0.0,10.6,6.8
16,245.0,108359,250,240,105872.2,0.6,1.2,0.0,0.2,0.0,7.2,6.2
17,235.0,112956,240,230,110505.0,0.8,1.6,0.0,0.2,0.0,5.4,5.2
18,225.0,120243,230,220,115277.8,0.8,1.4,0.0,0.2,0.0,5.4,5.8
19,215.0,117316,220,210,118462.8,1.2,1.4,0.0,0.0,0.0,4.6,6.0
20,205.0,117515,210,200,121992.2,1.0,1.0,0.0,0.2,0.0,5.4,6.4
21,195.0,124284,200,190,123941.8,0.6,1.6,0.0,0.2,0.0,6.8,7.6
22,185.0,130603,190,180,127832.8,0.4,2.2,0.0,0.2,0.0,9.0,11.6
23,175.0,129991,180,170,131400.8,0.8,2.4,0.0,0.2,0.0,9.6,11.6
24,165.0,136771,170,160,135197.8,0.4,2.4,0.0,0.2,0.0,10.8,11.8
25,155.0,135355,160,150,138956.8,0.8,3.2,0.0,0.0,0.0,10.8,12.4
26,145.0,143269,150,140,142876.2,1.0,3.2,0.0,0.0,0.0,11.8,11.0
27,135.0,149398,140,130,144852.6,1.0,2.8,0.2,0.0,0.0,13.0,8.8
28,125.0,149588,130,120,144835.4,0.6,2.6,0.4,0.0,0.0,16.6,9.0
29,115.0,146653,120,110,144124.2,0.6,2.4,0.4,0.0,0.0,16.4,8.4
30,105.0,135269,110,100,142981.8,0.4,1.6,0.4,0.0,0.0,15.2,7.4
31,95.0,139713,100,90,141964.8,0.2,2.0,0.4,0.2,0.0,14.6,7.8
32,85.0,143686,90,80,140949.0,0.6,1.6,0.2,0.2,0.0,12.8,7.0
33,75.0,144503,80,70,142674.2,0.6,2.2,0.0,0.2,0.0,12.8,6.6
34,65.0,141574,70,60,146301.6,0.6,2.4,0.0,0.2,0.0,12.4,7.0
35,55.0,143895,60,50,151332.2,0.4,3.0,0.0,0.2,0.0,13.2,7.6
36,45.0,157850,50,40,153902.2,0.6,2.0,0.0,0.2,0.0,14.2,7.0
37,35.0,168839,40,30,157402.2,0.4,2.6,0.0,0.2,0.0,14.2,7.0
38,25.0,157353,30,20,159151.4,0.8,2.2,0.0,0.2,0.0,11.4,7.6
39,15.0,159074,20,10,,,,,,,,
40,5.0,152641,10,0,,,,,,,,
0,795.0,77006,800,790,,,,,,,,
1,785.0,78842,790,780,,,,,,,,
2,775.0,80659,780,770,79292.2,0.0,0.6,0.0,0.0,0.0,2.2,0.8
3,765.0,80308,770,760,79577.0,0.0,1.0,0.0,0.0,0.0,1.8,1.0
4,755.0,79646,760,750,78328.6,0.0,1.0,0.0,0.0,0.0,1.6,1.0
5,745.0,78430,750,740,76258.8,0.0,0.8,0.0,0.0,0.0,1.4,0.8
6,735.0,72600,740,730,74969.2,0.0,0.8,0.0,0.0,0.0,1.4,0.6
7,725.0,70310,730,720,73472.8,0.0,0.6,0.0,0.0,0.0,1.4,0.8
8,715.0,73860,720,710,72372.4,0.0,0.2,0.0,0.0,0.0,1.6,1.0
9,705.0,72164,710,700,72777.8,0.0,0.0,0.0,0.0,0.0,2.0,1.2
10,695.0,72928,700,690,73124.2,0.6,0.4,0.0,0.0,0.0,1.8,1.2
11,685.0,74627,690,680,72672.6,0.6,0.8,0.0,0.0,0.0,1.8,1.8
12,675.0,72042,680,670,73794.0,0.6,0.8,0.0,0.0,0.0,1.4,1.6
13,665.0,71602,670,660,74463.4,0.6,0.8,0.0,0.0,0.0,1.6,1.6
14,655.0,77771,660,650,74655.2,0.6,0.8,0.0,0.0,0.0,1.6,1.4
15,645.0,76275,650,640,75725.2,0.0,1.6,0.0,0.0,0.0,1.6,2.4
16,635.0,75586,640,630,76052.6,0.0,1.8,0.0,0.0,0.0,1.4,1.6
17,625.0,77392,630,620,75403.6,0.0,2.4,0.0,0.0,0.0,2.6,2.2
18,615.0,73239,620,610,75480.4,0.0,2.4,0.0,0.0,0.0,2.6,2.8
19,605.0,74526,610,600,76677.8,0.0,2.6,0.0,0.0,0.0,2.0,3.0
20,595.0,76659,600,590,77949.8,0.2,1.8,0.0,0.0,0.0,3.0,2.0
21,585.0,81573,590,580,79280.0,0.2,1.6,0.0,0.0,0.0,3.2,2.4
22,575.0,83752,580,570,80217.2,0.2,1.0,0.0,0.0,0.0,2.6,2.2
23,565.0,79890,570,560,79611.0,0.2,1.2,0.0,0.0,0.0,2.6,1.2
24,555.0,79212,560,550,79001.4,0.2,1.6,0.0,0.0,0.0,3.2,1.0
25,545.0,73628,550,540,78189.6,0.0,1.2,0.0,0.0,0.0,2.2,1.0
26,535.0,78525,540,530,78767.6,0.0,1.8,0.0,0.0,0.0,2.4,1.4
27,525.0,79693,530,520,78991.4,0.0,2.2,0.0,0.0,0.0,2.0,1.0
28,515.0,82780,520,510,79703.8,0.0,2.2,0.0,0.0,0.0,2.6,1.4
29,505.0,80331,510,500,80129.8,0.0,1.6,0.0,0.0,0.0,3.6,1.6
30,495.0,77190,500,490,79720.4,0.0,2.0,0.0,0.0,0.0,3.8,2.0
31,485.0,80655,490,480,78571.8,0.0,1.0,0.0,0.0,0.0,3.6,4.0
32,475.0,77646,480,470,78198.4,0.0,1.0,0.0,0.0,0.0,4.0,4.6
33,465.0,77037,470,460,78475.4,0.0,1.2,0.0,0.0,0.0,3.4,4.6
34,455.0,78464,460,450,77974.2,0.0,1.4,0.0,0.0,0.0,2.0,4.6
35,445.0,78575,450,440,77812.4,0.0,1.2,0.0,0.0,0.0,1.8,5.4
36,435.0,78149,440,430,79232.4,0.0,2.4,0.0,0.0,0.0,2.4,3.4
37,425.0,76837,430,420,,,,,,,,
38,415.0,84137,420,410,,,,,,,,
