mid,after,before,total,deadass,def,defo,periodt,periot,stan,thot,total-avg,deadass-avg,def-avg,defo-avg,periodt-avg,periot-avg,stan-avg,thot-avg
1205.0,1210,1200,30379,0,11,0,0,0,2,0,,,,,,,,
1195.0,1200,1190,31107,0,9,1,0,0,1,0,,,,,,,,
1185.0,1190,1180,25928,0,9,0,0,0,0,0,27950.4,0.0,8.4,0.2,0.0,0.0,1.2,0.0
1175.0,1180,1170,29576,0,7,0,0,0,3,0,27127.2,0.0,7.2,0.2,0.0,0.0,1.0,0.0
1165.0,1170,1160,22762,0,6,0,0,0,0,0,26407.6,0.0,6.4,0.0,0.0,0.0,1.0,0.0
1155.0,1160,1150,26263,0,5,0,0,0,1,0,26359.8,0.0,5.8,0.6,0.0,0.0,1.0,0.0
1145.0,1150,1140,27509,0,5,0,0,0,1,0,26487.8,0.0,5.4,0.8,0.0,0.0,0.6,0.0
1135.0,1140,1130,25689,0,6,3,0,0,0,0,28745.6,0.0,5.6,1.0,0.0,0.0,1.6,0.0
1125.0,1130,1120,30216,0,5,1,0,0,1,0,29527.2,0.0,6.8,1.4,0.0,0.0,2.2,0.0
1115.0,1120,1110,34051,0,7,1,0,0,5,0,30310.8,0.0,7.8,1.6,0.0,0.0,2.4,0.4
1105.0,1110,1100,30171,0,11,2,0,0,4,0,31157.4,0.0,9.0,1.2,0.0,0.0,2.8,0.6
1095.0,1100,1090,31427,0,10,1,0,0,2,2,30997.2,0.0,9.4,1.0,0.0,0.0,3.2,0.6
1085.0,1090,1080,29922,0,12,1,0,0,2,1,30429.0,0.0,10.8,0.8,0.0,0.0,2.4,0.6
1075.0,1080,1070,29415,0,7,0,0,0,3,0,30565.4,0.0,11.0,0.6,0.0,0.0,1.6,0.6
1065.0,1070,1060,31210,0,14,0,0,0,1,0,31089.8,0.0,9.8,0.4,0.0,0.0,1.4,0.4
1055.0,1060,1050,30853,0,12,1,0,0,0,0,30115.4,0.0,8.2,0.2,0.0,0.0,1.4,0.2
1045.0,1050,1040,34049,0,4,0,0,0,1,1,29427.8,0.0,8.2,0.2,0.0,0.0,1.2,0.2
1035.0,1040,1030,25050,0,4,0,0,0,2,0,29027.6,0.0,6.4,0.4,0.0,0.0,1.2,0.2
1025.0,1030,1020,25977,0,7,0,0,0,2,0,29446.6,0.0,5.4,0.4,0.0,0.0,1.4,0.4
1015.0,1020,1010,29209,0,5,1,0,0,1,0,29114.6,0.4,6.4,0.4,0.0,0.0,1.4,0.2
1005.0,1010,1000,32948,0,7,1,0,0,1,1,30111.2,0.4,7.8,0.6,0.0,0.0,1.2,0.2
995.0,1000,990,32389,2,9,0,0,0,1,0,31918.0,0.4,7.6,0.6,0.0,0.0,1.0,0.2
985.0,990,980,30033,0,11,1,0,0,1,0,33047.0,0.4,7.8,0.4,0.0,0.0,1.0,0.2
975.0,980,970,35011,0,6,0,0,0,1,0,32185.6,0.8,7.8,0.2,0.0,0.0,1.0,0.2
965.0,970,960,34854,0,6,0,0,0,1,0,32116.6,0.6,6.6,0.2,0.0,0.0,1.0,0.4
955.0,960,950,28641,2,7,0,0,0,1,1,31395.2,0.6,7.4,0.0,0.0,0.0,0.8,0.4
945.0,950,940,32044,1,3,0,0,0,1,1,29741.4,0.6,7.6,0.0,0.0,0.0,0.6,0.4
935.0,940,930,26426,0,15,0,0,0,0,0,26134.4,0.6,7.6,0.2,0.0,0.0,0.4,0.4
925.0,930,920,26742,0,7,0,0,0,0,0,23455.8,0.4,6.6,0.4,0.0,0.0,0.4,0.2
915.0,920,910,16819,0,6,1,0,0,0,0,20806.2,0.2,6.8,0.4,0.0,0.0,0.2,0.0
905.0,910,900,15248,1,2,1,0,0,1,0,20622.2,0.2,4.2,0.4,0.0,0.0,1.6,0.0
895.0,900,890,18796,0,4,0,0,0,0,0,19324.6,0.4,4.0,0.4,0.0,0.0,2.2,0.0
885.0,890,880,25506,0,2,0,0,0,7,0,19507.8,0.6,3.4,0.4,0.0,0.0,2.4,0.0
875.0,880,870,20254,1,6,0,0,0,3,0,19884.6,0.4,4.0,0.2,0.0,0.0,2.2,0.0
865.0,870,860,17735,1,3,1,0,0,1,0,20072.2,0.4,4.0,0.4,0.0,0.0,2.2,0.0
855.0,860,850,17132,0,5,0,0,0,0,0,18735.4,0.4,4.8,0.6,0.0,0.0,0.8,0.0
845.0,850,840,19734,0,4,1,0,0,0,0,18040.6,0.2,5.0,0.6,0.0,0.0,0.4,0.0
835.0,840,830,18822,0,6,1,0,0,0,0,17850.6,0.0,5.6,0.6,0.0,0.0,0.2,0.0
825.0,830,820,16780,0,7,0,0,0,1,0,18829.0,0.2,5.6,0.6,0.0,0.0,0.2,0.0
815.0,820,810,16785,0,6,1,0,0,0,0,19251.4,0.4,6.2,0.4,0.0,0.0,0.2,0.0
805.0,810,800,22024,1,5,0,0,0,0,0,18864.0,0.4,5.4,0.2,0.0,0.0,0.4,0.0
795.0,800,790,21846,1,7,0,0,0,0,0,19732.2,0.4,4.6,0.4,0.0,0.0,0.4,0.0
785.0,790,780,16885,0,2,0,0,0,1,0,23347.6,0.6,5.0,0.2,0.0,0.0,0.8,0.0
775.0,780,770,21121,0,3,1,0,0,1,0,,,,,,,,
765.0,770,760,34862,1,8,0,0,0,2,0,,,,,,,,
