,,total,,deadass,,def,,defo,,periodt,,periot,,stan,,thot,
after,before,count,average,count,average,count,average,count,average,count,average,count,average,count,average,count,average
410,400,2,NA,0,NA,0,NA,0,NA,0,NA,0,NA,0,NA,0,NA
400,390,0,NA,0,NA,0,NA,0,NA,0,NA,0,NA,0,NA,0,NA
390,380,2,1.8,0,0,0,0,0,0,0,0,0,0,0,0,0,0
380,370,3,2.4,0,0,0,0,0,0,0,0,0,0,0,0,0,0
370,360,2,2.8,0,0,0,0,0,0,0,0,0,0,0,0,0,0
360,350,5,3.6,0,0,0,0,0,0,0,0,0,0,0,0,0,0
350,340,2,4,0,0,0,0,0,0,0,0,0,0,0,0,0,0
340,330,6,3.8,0,0,0,0,0,0,0,0,0,0,0,0,0,0
330,320,5,3.6,0,0,0,0,0,0,0,0,0,0,0,0,0,0
320,310,1,3.8,0,0,0,0,0,0,0,0,0,0,0,0,0,0
310,300,4,3,0,0,0,0,0,0,0,0,0,0,0,0,0,0
300,290,3,2.2,0,0,0,0,0,0,0,0,0,0,0,0,0,0
290,280,2,2.2,0,0,0,0,0,0,0,0,0,0,0,0,0,0
280,270,1,1.4,0,0,0,0,0,0,0,0,0,0,0,0,0,0
270,260,1,0.8,0,0,0,0,0,0,0,0,0,0,0,0,0,0
260,250,0,0.4,0,0,0,0,0,0,0,0,0,0,0,0,0,0
250,240,0,0.2,0,0,0,0,0,0,0,0,0,0,0,0,0,0
240,230,0,0,0,0,0,0,0,0,0,0,0,0,0,0,0,0
230,220,0,0,0,0,0,0,0,0,0,0,0,0,0,0,0,0
220,210,0,0,0,0,0,0,0,0,0,0,0,0,0,0,0,0
210,200,0,0,0,0,0,0,0,0,0,0,0,0,0,0,0,0
200,190,0,0,0,0,0,0,0,0,0,0,0,0,0,0,0,0
190,180,0,0,0,0,0,0,0,0,0,0,0,0,0,0,0,0
180,170,0,0,0,0,0,0,0,0,0,0,0,0,0,0,0,0
170,160,0,0,0,0,0,0,0,0,0,0,0,0,0,0,0,0
160,150,0,0,0,0,0,0,0,0,0,0,0,0,0,0,0,0
150,140,0,0,0,0,0,0,0,0,0,0,0,0,0,0,0,0
140,130,0,0,0,0,0,0,0,0,0,0,0,0,0,0,0,0
130,120,0,0,0,0,0,0,0,0,0,0,0,0,0,0,0,0
120,110,0,0,0,0,0,0,0,0,0,0,0,0,0,0,0,0
110,100,0,0,0,0,0,0,0,0,0,0,0,0,0,0,0,0
100,90,0,0,0,0,0,0,0,0,0,0,0,0,0,0,0,0
90,80,0,0,0,0,0,0,0,0,0,0,0,0,0,0,0,0
80,70,0,0,0,0,0,0,0,0,0,0,0,0,0,0,0,0
70,60,0,0,0,0,0,0,0,0,0,0,0,0,0,0,0,0
60,50,0,0,0,0,0,0,0,0,0,0,0,0,0,0,0,0
50,40,0,0,0,0,0,0,0,0,0,0,0,0,0,0,0,0
40,30,0,0,0,0,0,0,0,0,0,0,0,0,0,0,0,0
30,20,0,0,0,0,0,0,0,0,0,0,0,0,0,0,0,0
20,10,0,NA,0,NA,0,NA,0,NA,0,NA,0,NA,0,NA,0,NA
10,0,0,NA,0,NA,0,NA,0,NA,0,NA,0,NA,0,NA,0,NA